,pdb_id,chain,res_seq_id,HSE_up,HSE_down,ASA,sec_struct,contacts_ratio,contacts_intra,contacts_inter,contacts_energy_ratio,amino_type,phi,psi,chain_len,nho1relidx,nho1energy,onh1relidx,onh1energy,nho2relidx,nho2energy,onh2relidx,onh2energy,distance_from_line,structural_linearity
0,2yu7,A,1,0.0,3.0,1.0,-,0.0,0,0,0.0,G,360.0,80.8,118,0.0,0.0,0.0,0.0,0.0,0.0,0.0,0.0,5.0,0.0
1,2yu7,A,2,3.0,4.0,1.0,-,0.0,0,0,0.0,S,69.7,43.7,118,1.0,-0.2,2.0,-0.7,0.0,0.0,0.0,0.0,9.386252164840698,0.0
2,2yu7,A,3,1.0,5.0,0.9230769230769231,-,0.0,0,0,0.0,S,-99.6,113.6,118,2.0,-0.0,-1.0,-0.2,3.0,-0.0,2.0,-0.2,6.60828709602356,0.0
3,2yu7,A,4,2.0,4.0,0.8095238095238095,S,0.0,0,0,0.0,G,-164.0,-144.4,118,-2.0,-0.7,2.0,-1.1,0.0,0.0,0.0,0.0,7.352732419967651,0.0
4,2yu7,A,5,1.0,8.0,1.0,-,0.0,0,0,0.0,S,-92.0,96.3,118,-2.0,-0.2,2.0,-0.2,2.0,-0.0,-2.0,-0.0,5.0,0.0
5,2yu7,A,6,9.0,5.0,0.823076923076923,-,0.0,0,0,0.0,S,-102.9,170.3,118,-2.0,-1.1,2.0,-0.3,106.0,-0.0,3.0,-0.1,4.0,0.0
6,2yu7,A,7,7.0,12.0,0.3333333333333333,-,1.0,1,0,6.0,G,178.6,-168.3,118,-2.0,-0.2,106.0,-0.8,2.0,-0.1,-2.0,-0.0,8.504447937011719,0.0
7,2yu7,A,8,18.0,9.0,0.15859030837004406,S,2.0,2,0,12.0,W,-88.2,-29.2,118,-2.0,-0.3,25.0,-0.3,104.0,-0.2,-1.0,-0.1,13.327010154724121,0.0
8,2yu7,A,9,7.0,19.0,0.5180180180180181,-,0.0,0,0,0.0,Y,-51.7,122.3,118,1.0,-0.1,104.0,-0.4,23.0,-0.1,-2.0,-0.1,4.0,0.0
9,2yu7,A,10,23.0,5.0,0.15217391304347827,-,3.0,3,0,40.0,H,-93.8,-68.2,118,23.0,-1.8,2.0,-0.2,102.0,-0.1,24.0,-0.2,25.633420944213867,0.0
10,2yu7,A,11,4.0,18.0,0.14285714285714285,B,1.0,1,0,17.0,G,133.1,-72.9,118,22.0,-0.6,24.0,-0.9,2.0,-0.0,2.0,-0.5,11.48906135559082,0.0
11,2yu7,A,12,0.0,19.0,0.8152173913043478,S,0.0,0,0,0.0,H,-124.0,126.0,118,-2.0,-0.2,2.0,-0.3,22.0,-0.2,24.0,-0.1,21.24740982055664,0.0
12,2yu7,A,13,19.0,6.0,0.03723404255319149,-,2.0,2,0,23.0,M,-169.9,154.6,118,22.0,-0.5,2.0,-0.4,-2.0,-0.5,31.0,-0.1,11.731972694396973,0.0
13,2yu7,A,14,7.0,22.0,0.3384615384615385,-,2.0,2,0,12.0,S,-118.5,145.3,118,-2.0,-0.3,4.0,-2.2,1.0,-0.1,3.0,-2.0,20.570188522338867,0.0
14,2yu7,A,15,15.0,16.0,0.011904761904761904,H,0.0,0,0,0.0,G,-44.1,-23.0,118,-2.0,-0.4,4.0,-1.2,1.0,-0.3,5.0,-0.1,23.12835121154785,0.0
15,2yu7,A,16,4.0,20.0,0.32142857142857145,H,0.0,0,0,0.0,G,-80.3,-34.9,118,2.0,-0.2,4.0,-0.7,1.0,-0.1,-1.0,-0.3,13.561436653137207,0.0
16,2yu7,A,17,7.0,15.0,0.5151515151515151,H,0.0,0,0,0.0,Q,-77.1,-41.6,118,-3.0,-2.0,4.0,-3.1,2.0,-0.2,3.0,-0.3,21.902400970458984,0.0
17,2yu7,A,18,24.0,12.0,0.0,H,0.0,0,0,0.0,A,-51.9,-61.2,118,-4.0,-2.2,4.0,-2.4,1.0,-0.2,5.0,-0.5,27.560319900512695,0.0
18,2yu7,A,19,13.0,20.0,0.1134020618556701,H,1.0,1,0,17.0,E,-44.8,-37.3,118,-4.0,-1.2,4.0,-1.2,1.0,-0.3,-1.0,-0.2,18.538652658462524,0.0
19,2yu7,A,20,5.0,16.0,0.6267605633802817,H,0.0,0,0,0.0,T,-74.8,-45.4,118,-4.0,-0.7,4.0,-2.1,-3.0,-0.3,-1.0,-0.3,26.42946481704712,0.0
20,2yu7,A,21,17.0,12.0,0.3353658536585366,H,1.0,1,0,6.0,L,-65.4,-64.3,118,-4.0,-3.1,4.0,-1.8,2.0,-0.2,5.0,-0.2,30.642402172088623,0.0
21,2yu7,A,22,28.0,11.0,0.0,H,1.0,1,0,6.0,L,-42.3,-51.5,118,-4.0,-2.4,4.0,-1.6,1.0,-0.3,5.0,-0.8,16.933847665786743,0.0
22,2yu7,A,23,15.0,17.0,0.24242424242424243,H,0.0,0,0,0.0,Q,-62.1,-42.3,118,-4.0,-1.2,-1.0,-0.3,-5.0,-0.5,-2.0,-0.2,20.77780246734619,0.0
23,2yu7,A,24,7.0,11.0,0.7641509433962265,H,0.0,0,0,0.0,A,-46.7,-49.0,118,-4.0,-2.1,-1.0,-0.2,1.0,-0.2,-2.0,-0.2,38.82236957550049,0.0
24,2yu7,A,25,15.0,6.0,0.5073170731707317,H,0.0,0,0,0.0,K,-63.8,-44.3,118,-4.0,-1.8,-1.0,-0.2,-3.0,-0.2,-2.0,-0.2,26.926755905151367,0.0
25,2yu7,A,26,3.0,23.0,0.5119047619047619,T,0.0,0,0,0.0,G,80.1,36.8,118,-4.0,-1.6,-3.0,-0.2,-5.0,-0.2,-2.0,-0.1,16.903358697891235,0.0
26,2yu7,A,27,14.0,15.0,0.37628865979381443,-,1.0,1,0,6.0,E,-113.7,120.5,118,-5.0,-0.8,3.0,-0.6,33.0,-0.1,-1.0,-0.2,29.4775652885437,0.0
27,2yu7,A,28,3.0,25.0,0.2426470588235294,T,1.0,1,0,6.0,P,-69.8,147.9,118,0.0,0.0,21.0,-0.2,0.0,0.0,80.0,-0.1,5.0,0.0
28,2yu7,A,29,10.0,22.0,0.28193832599118945,T,4.0,4,0,57.0,W,63.0,37.6,118,19.0,-2.6,79.0,-2.3,1.0,-0.2,80.0,-2.0,14.707133769989014,0.009433962264150943
29,2yu7,A,30,17.0,18.0,0.0,E,2.0,2,0,23.0,T,-102.0,115.7,118,18.0,-0.9,18.0,-2.5,-3.0,-0.6,2.0,-0.3,5.335140824317932,0.009009009009009009
30,2yu7,A,31,18.0,26.0,0.0,E,4.0,4,0,46.0,F,-105.8,153.3,118,78.0,-1.3,80.0,-1.8,-2.0,-0.6,2.0,-0.3,9.366933107376099,0.017699115044247787
31,2yu7,A,32,23.0,23.0,0.0,E,3.0,3,0,29.0,L,-150.0,130.6,118,14.0,-1.9,14.0,-2.0,-2.0,-0.3,2.0,-0.5,5.0,0.025423728813559324
32,2yu7,A,33,15.0,26.0,0.0,E,2.0,2,0,23.0,V,-94.7,130.8,118,-2.0,-0.3,-23.0,-1.8,-25.0,-0.3,-22.0,-0.6,5.0,0.02654867256637168
33,2yu7,A,34,20.0,14.0,0.0,E,2.0,4,1,57.0,R,-139.3,161.8,118,10.0,-1.4,10.0,-2.3,-2.0,-0.5,-22.0,-0.2,7.384560704231262,0.027777777777777776
34,2yu7,A,35,6.0,20.0,0.4536082474226804,E,1.0,1,0,17.0,E,-77.8,148.1,118,-24.0,-0.9,-22.0,-0.5,-2.0,-0.3,8.0,-0.3,13.26361894607544,0.03409090909090909
35,2yu7,A,36,11.0,16.0,0.14615384615384616,-,1.0,2,1,23.0,S,-60.5,-176.6,118,6.0,-3.0,-23.0,-0.2,-2.0,-0.1,-1.0,-0.1,9.145492911338806,0.038461538461538464
36,2yu7,A,37,9.0,12.0,0.5609756097560976,S,0.5,1,1,6.0,L,-127.7,-41.4,118,6.0,-0.1,-1.0,-0.1,-25.0,-0.1,-23.0,-0.0,5.0,0.046153846153846156
37,2yu7,A,38,2.0,12.0,0.7461538461538462,S,0.0,0,0,0.0,S,-126.2,6.7,118,2.0,-0.1,-2.0,-0.0,0.0,0.0,0.0,0.0,4.0,0.05
38,2yu7,A,39,12.0,3.0,0.3282828282828283,S,0.0,0,0,0.0,Q,-102.4,144.3,118,3.0,-0.1,3.0,-0.9,1.0,-0.0,2.0,-0.5,8.421149253845215,0.07272727272727272
39,2yu7,A,40,2.0,13.0,0.7794117647058824,T,0.0,0,0,0.0,P,-69.7,116.9,118,0.0,0.0,29.0,-0.3,0.0,0.0,3.0,-0.1,10.294259071350098,0.075
40,2yu7,A,41,6.0,13.0,0.75,T,0.0,0,0,0.0,G,37.0,48.8,118,-2.0,-0.5,2.0,-0.2,1.0,-0.1,28.0,-0.2,4.0,0.06
41,2yu7,A,42,13.0,14.0,0.11042944785276074,-,3.0,3,0,40.0,D,-119.0,171.7,118,-3.0,-0.9,-6.0,-3.0,26.0,-0.1,2.0,-0.3,5.0,0.034482758620689655
42,2yu7,A,43,18.0,15.0,0.12690355329949238,E,2.0,2,0,23.0,F,-134.2,174.5,118,24.0,-2.3,24.0,-2.4,-8.0,-0.3,2.0,-0.4,5.311145186424255,0.014705882352941176
43,2yu7,A,44,20.0,21.0,0.007042253521126761,E,0.5,1,1,2.4285714285714284,V,-133.8,129.0,118,-10.0,-2.3,-10.0,-1.4,-2.0,-0.3,2.0,-0.8,2.7846434712409973,0.0136986301369863
44,2yu7,A,45,19.0,27.0,0.024390243902439025,E,1.0,1,0,17.0,L,-96.9,108.2,118,20.0,-1.9,20.0,-2.9,-2.0,-0.4,2.0,-0.5,9.802825450897217,0.01282051282051282
45,2yu7,A,46,27.0,21.0,0.0,E,3.0,3,0,51.0,S,-107.0,123.3,118,-14.0,-2.0,-14.0,-1.9,-2.0,-0.8,2.0,-0.4,5.0,0.012048192771084338
46,2yu7,A,47,22.0,25.0,0.0,E,2.0,2,0,23.0,V,-126.0,138.1,118,16.0,-1.4,16.0,-1.9,-2.0,-0.5,2.0,-0.7,5.0,0.012048192771084338
47,2yu7,A,48,21.0,17.0,0.0,E,3.0,3,0,40.0,L,-93.3,115.6,118,-18.0,-2.5,-19.0,-2.6,-2.0,-0.4,-18.0,-0.9,9.796085953712463,0.012987012987012988
48,2yu7,A,49,11.0,19.0,0.15384615384615385,E,1.0,1,0,17.0,S,-78.3,153.0,118,12.0,-2.7,56.0,-0.1,-2.0,-0.7,12.0,-0.0,4.434412717819214,0.014925373134328358
49,2yu7,A,50,8.0,21.0,0.5030674846625767,E,1.0,1,0,6.0,D,-82.1,15.7,118,-2.0,-0.1,-1.0,-0.1,10.0,-0.1,-2.0,-0.0,15.351263284683228,0.0
50,2yu7,A,51,6.0,19.0,0.6818181818181818,E,1.0,1,0,17.0,Q,-115.4,124.1,118,10.0,-0.2,10.0,-2.0,2.0,-0.0,-2.0,-0.2,5.0,0.0
51,2yu7,A,52,5.0,13.0,0.375,E,0.0,0,0,0.0,P,-69.7,152.2,118,0.0,0.0,8.0,-0.2,0.0,0.0,-2.0,-0.1,3.0,0.0
52,2yu7,A,53,10.0,7.0,0.6,S,1.0,1,0,17.0,K,-67.8,-37.1,118,6.0,-1.9,7.0,-0.1,2.0,-0.1,-2.0,-0.0,7.966039180755615,0.0
53,2yu7,A,54,4.0,6.0,0.8584905660377359,S,0.0,0,0,0.0,A,-119.0,-67.8,118,1.0,-0.3,6.0,-0.0,5.0,-0.2,-1.0,-0.0,3.0,0.0
54,2yu7,A,55,0.0,11.0,0.2261904761904762,S,0.0,0,0,0.0,G,-174.9,-143.0,118,4.0,-0.1,3.0,-2.0,-4.0,-0.1,2.0,-1.5,3.0,0.0
55,2yu7,A,56,0.0,10.0,1.0,T,0.0,0,0,0.0,P,-69.7,88.7,118,0.0,0.0,0.0,0.0,0.0,0.0,0.0,0.0,7.301721811294556,0.0
56,2yu7,A,57,0.0,11.0,1.0,T,0.0,0,0,0.0,G,139.2,-2.9,118,-2.0,-1.5,0.0,0.0,1.0,-0.5,0.0,0.0,3.0,0.0
57,2yu7,A,58,8.0,6.0,0.2153846153846154,S,0.0,0,0,0.0,S,-108.2,154.8,118,-3.0,-2.0,-1.0,-0.5,1.0,-0.1,3.0,-0.1,5.0,0.0
58,2yu7,A,59,10.0,14.0,0.45588235294117646,-,1.0,1,0,17.0,P,-69.7,155.3,118,0.0,0.0,-6.0,-1.9,0.0,0.0,2.0,-0.3,9.215999245643616,0.0
59,2yu7,A,60,19.0,11.0,0.2073170731707317,E,1.0,1,0,6.0,L,-74.3,133.3,118,-8.0,-0.2,-10.0,-0.1,-7.0,-0.1,-37.0,-0.1,12.038668394088745,0.02127659574468085
60,2yu7,A,61,10.0,21.0,0.4112903225806452,E,3.0,3,0,51.0,R,-63.6,140.6,118,-10.0,-2.0,-12.0,-2.7,-2.0,-0.3,2.0,-0.3,8.365563154220581,0.0425531914893617
61,2yu7,A,62,24.0,17.0,0.028169014084507043,E,0.0,0,0,0.0,V,-107.5,158.3,118,-14.0,-0.2,2.0,-0.5,-2.0,-0.0,-14.0,-0.2,5.0,0.038461538461538464
62,2yu7,A,63,23.0,19.0,0.07042253521126761,E,2.0,2,0,23.0,T,-126.5,113.2,118,-16.0,-1.9,-16.0,-1.4,-2.0,-0.3,2.0,-0.8,5.0,0.03773584905660377
63,2yu7,A,64,13.0,22.0,0.010869565217391304,E,0.5,1,1,0.9444444444444444,H,-97.5,104.4,118,62.0,-0.6,64.0,-1.9,-2.0,-0.5,2.0,-0.8,10.051062107086182,0.03389830508474576
64,2yu7,A,65,19.0,16.0,0.023668639053254437,E,0.6666666666666666,2,2,3.2857142857142856,I,-103.3,105.3,118,-20.0,-2.9,-20.0,-1.9,-2.0,-0.8,64.0,-0.1,7.473317384719849,0.034482758620689655
65,2yu7,A,66,13.0,20.0,0.43902439024390244,E,0.0,0,1,0.0,K,-48.5,119.3,118,-2.0,-0.8,2.0,-0.6,62.0,-0.3,11.0,-0.3,13.464077711105347,0.03773584905660377
66,2yu7,A,67,22.0,16.0,0.007042253521126761,E,1.0,1,0,17.0,V,-101.8,115.6,118,-24.0,-2.4,-24.0,-2.3,9.0,-0.1,2.0,-0.3,5.0,0.05263157894736842
67,2yu7,A,68,8.0,23.0,0.4095744680851064,B,1.0,1,0,17.0,M,-87.9,140.0,118,7.0,-2.7,7.0,-2.4,-2.0,-0.6,2.0,-0.5,4.0,0.05263157894736842
68,2yu7,A,69,13.0,16.0,0.2074074074074074,-,2.0,2,0,23.0,C,-122.2,115.7,118,-2.0,-0.3,2.0,-1.0,-29.0,-0.3,5.0,-0.2,4.150488376617432,0.04081632653061224
69,2yu7,A,70,9.0,11.0,0.6752577319587629,-,0.0,0,0,0.0,E,-100.1,90.4,118,-2.0,-0.5,2.0,-2.5,3.0,-0.4,3.0,-1.2,7.402683734893799,0.044444444444444446
70,2yu7,A,71,2.0,12.0,0.9880952380952381,T,0.0,0,0,0.0,G,67.9,-77.1,118,-2.0,-1.0,-1.0,-0.0,1.0,-0.3,-2.0,-0.0,4.0,0.02857142857142857
71,2yu7,A,72,1.0,14.0,0.5833333333333334,T,0.0,0,0,0.0,G,-133.4,14.1,118,-2.0,-2.5,-1.0,-0.3,10.0,-0.0,2.0,-0.2,5.0,0.02857142857142857
72,2yu7,A,73,8.0,15.0,0.5362903225806451,-,0.0,0,0,0.0,R,-119.3,-179.5,118,-3.0,-1.2,-3.0,-0.4,11.0,-0.1,2.0,-0.3,8.254051804542542,0.03333333333333333
73,2yu7,A,74,14.0,15.0,0.17567567567567569,B,5.0,5,0,41.0,Y,-144.5,150.7,118,8.0,-1.3,8.0,-2.6,-5.0,-0.2,2.0,-0.3,6.507946848869324,0.034482758620689655
74,2yu7,A,75,10.0,22.0,0.04929577464788732,B,1.0,1,0,17.0,T,-158.9,168.5,118,-7.0,-2.4,-7.0,-2.7,-2.0,-0.3,2.0,-0.3,6.267750859260559,0.043478260869565216
75,2yu7,A,76,18.0,16.0,0.056338028169014086,S,0.0,0,0,0.0,V,-150.9,112.7,118,4.0,-0.3,2.0,-2.4,-2.0,-0.3,-9.0,-0.1,5.0,0.043478260869565216
76,2yu7,A,77,12.0,11.0,0.42857142857142855,S,0.0,0,1,0.0,G,75.1,-50.8,118,-2.0,-0.3,55.0,-0.1,-11.0,-0.3,2.0,-0.1,4.0,0.034482758620689655
77,2yu7,A,78,11.0,11.0,0.16666666666666666,S,0.0,0,0,0.0,G,-97.6,-175.7,118,-2.0,-2.4,-1.0,-0.1,2.0,-0.1,-2.0,-0.0,7.169617652893066,0.034482758620689655
78,2yu7,A,79,2.0,16.0,0.725609756097561,S,0.0,0,0,0.0,L,-87.1,-25.0,118,-4.0,-0.1,-2.0,-0.1,-2.0,-0.1,-1.0,-0.1,12.105107307434082,0.029411764705882353
79,2yu7,A,80,11.0,11.0,0.5,-,0.0,0,0,0.0,E,-38.3,97.5,118,1.0,-0.1,2.0,-0.9,-4.0,-0.1,-4.0,-0.3,4.0,0.07692307692307693
80,2yu7,A,81,7.0,16.0,0.323943661971831,-,0.0,0,0,0.0,T,-98.5,101.1,118,-6.0,-0.1,-6.0,-0.2,-8.0,-0.1,-1.0,-0.1,4.0,0.08333333333333333
81,2yu7,A,82,14.0,10.0,0.1218274111675127,B,2.0,2,0,23.0,F,-69.3,154.4,118,-8.0,-2.6,-8.0,-1.3,-2.0,-0.9,3.0,-0.1,7.703962326049805,0.08333333333333333
82,2yu7,A,83,4.0,14.0,0.7423312883435583,S,0.0,0,0,0.0,D,-59.0,-32.7,118,-10.0,-0.2,2.0,-0.3,1.0,-0.2,-1.0,-0.1,11.986791610717773,0.0
83,2yu7,A,84,2.0,20.0,0.4307692307692308,S,1.0,1,0,6.0,S,-165.7,165.3,118,-10.0,-0.1,4.0,-2.5,1.0,-0.1,3.0,-1.3,4.0,0.0
84,2yu7,A,85,13.0,19.0,0.06097560975609756,H,0.0,0,0,0.0,L,-57.0,-30.4,118,-2.0,-0.3,4.0,-2.9,1.0,-0.3,5.0,-0.4,3.0,0.0
85,2yu7,A,86,4.0,18.0,0.6056338028169014,H,0.0,0,0,0.0,T,-59.3,-37.2,118,2.0,-0.2,4.0,-1.3,1.0,-0.2,-1.0,-0.3,8.09508490562439,0.0
86,2yu7,A,87,8.0,10.0,0.5030674846625767,H,0.0,0,0,0.0,D,-84.6,-47.1,118,-3.0,-1.3,4.0,-2.9,2.0,-0.2,5.0,-0.2,3.0,0.0
87,2yu7,A,88,17.0,12.0,0.006097560975609756,H,2.0,2,0,12.0,L,-56.4,-41.5,118,-4.0,-2.5,4.0,-0.9,1.0,-0.2,-2.0,-0.2,3.0,0.0
88,2yu7,A,89,18.0,20.0,0.007042253521126761,H,1.0,1,0,6.0,V,-73.9,-50.6,118,-4.0,-2.9,4.0,-2.2,-5.0,-0.2,3.0,-0.6,7.556211948394775,0.0
89,2yu7,A,90,6.0,16.0,0.422680412371134,H,0.0,0,0,0.0,E,-50.9,-49.5,118,-4.0,-1.3,4.0,-1.2,-5.0,-0.4,5.0,-0.3,3.0,0.0
90,2yu7,A,91,11.0,10.0,0.3967391304347826,H,0.0,0,0,0.0,H,-51.8,-39.3,118,-4.0,-2.9,4.0,-2.4,1.0,-0.3,5.0,-0.4,34.514007568359375,0.0
91,2yu7,A,92,19.0,8.0,0.13705583756345177,H,2.0,2,0,12.0,F,-77.5,-29.5,118,-4.0,-0.9,15.0,-0.5,-3.0,-0.6,-1.0,-0.3,5.565223574638367,0.034482758620689655
92,2yu7,A,93,12.0,12.0,0.23902439024390243,H,0.0,0,0,0.0,K,-60.7,-26.8,118,-4.0,-2.2,-1.0,-0.2,1.0,-0.2,-2.0,-0.2,34.512434005737305,0.03333333333333333
93,2yu7,A,94,4.0,13.0,0.775609756097561,H,0.0,0,0,0.0,K,-103.1,-42.1,118,-4.0,-1.2,-2.0,-0.2,-3.0,-0.3,-1.0,-0.2,51.08334159851074,0.034482758620689655
94,2yu7,A,95,8.0,8.0,0.49295774647887325,S,0.0,0,0,0.0,T,-87.2,-47.8,118,-4.0,-2.4,-3.0,-0.2,-5.0,-0.3,-2.0,-0.2,51.76552963256836,0.041666666666666664
95,2yu7,A,96,8.0,14.0,0.13095238095238096,-,0.0,0,0,0.0,G,101.4,173.1,118,-5.0,-0.4,2.0,-0.4,-4.0,-0.3,10.0,-0.2,26.238035202026367,0.041666666666666664
96,2yu7,A,97,25.0,12.0,0.029585798816568046,E,1.5,3,1,4.142857142857143,I,-115.9,140.3,118,8.0,-2.3,8.0,-1.8,-2.0,-0.1,2.0,-0.6,5.23842716217041,0.041666666666666664
97,2yu7,A,98,7.0,17.0,0.4484536082474227,E,0.5,1,1,0.3333333333333333,E,-111.0,119.6,118,-2.0,-0.4,33.0,-1.5,6.0,-0.2,2.0,-0.2,11.047643423080444,0.05555555555555555
98,2yu7,A,99,12.0,10.0,0.14432989690721648,-,1.0,1,0,6.0,E,-85.7,145.8,118,4.0,-3.2,3.0,-1.2,-2.0,-0.6,31.0,-0.2,21.533241748809814,0.05263157894736842
99,2yu7,A,100,7.0,11.0,0.5471698113207547,T,0.0,0,1,0.0,A,-35.3,-56.8,118,1.0,-0.3,30.0,-0.1,-2.0,-0.2,-1.0,-0.1,33.39554214477539,0.034482758620689655
100,2yu7,A,101,4.0,9.0,0.8307692307692308,T,0.0,0,0,0.0,S,-55.4,-39.0,118,1.0,-0.1,-1.0,-0.3,2.0,-0.0,29.0,-0.0,21.651835441589355,0.029411764705882353
101,2yu7,A,102,0.0,14.0,0.3333333333333333,-,0.0,0,0,0.0,G,137.5,-20.6,118,-3.0,-1.2,-2.0,-0.1,1.0,-0.3,-1.0,-0.1,30.868386268615723,0.022727272727272728
102,2yu7,A,103,14.0,7.0,0.41509433962264153,-,0.0,0,0,0.0,A,-45.1,136.5,118,-5.0,-0.2,-4.0,-3.2,1.0,-0.1,2.0,-0.7,5.0,0.0
103,2yu7,A,104,5.0,21.0,0.5076142131979695,E,1.0,1,0,6.0,F,-109.0,102.9,118,-6.0,-0.2,2.0,-0.6,-8.0,-0.0,-6.0,-0.2,9.638136625289917,0.0
104,2yu7,A,105,21.0,15.0,0.035211267605633804,E,2.0,2,0,23.0,V,-84.3,118.0,118,-8.0,-1.8,-8.0,-2.3,-2.0,-0.7,2.0,-0.4,2.6775428652763367,0.0
105,2yu7,A,106,7.0,26.0,0.3963963963963964,-,1.0,1,0,6.0,Y,-106.8,135.4,118,-2.0,-0.6,2.0,-0.6,-10.0,-0.2,-13.0,-0.1,7.728707790374756,0.0
106,2yu7,A,107,21.0,13.0,0.006097560975609756,-,2.0,2,0,12.0,L,-114.6,107.9,118,-15.0,-0.5,-77.0,-0.2,-2.0,-0.4,-78.0,-0.1,5.0,0.0
107,2yu7,A,108,6.0,20.0,0.75,-,1.0,1,0,17.0,R,-122.4,-28.3,118,-79.0,-2.3,-78.0,-0.2,-2.0,-0.6,-1.0,-0.1,5.0,0.0
108,2yu7,A,109,13.0,16.0,0.26262626262626265,E,3.0,3,0,40.0,Q,-107.2,104.6,118,-80.0,-2.0,2.0,-1.9,-81.0,-0.1,-78.0,-1.3,7.313271760940552,0.0
109,2yu7,A,110,8.0,22.0,0.13970588235294118,E,1.0,1,0,6.0,P,-69.8,83.6,118,0.0,0.0,-78.0,-0.1,0.0,0.0,-80.0,-0.1,6.208297610282898,0.0
110,2yu7,A,111,22.0,10.0,0.0990990990990991,-,5.0,5,0,52.0,Y,-42.0,110.5,118,-2.0,-1.9,-78.0,-0.3,-80.0,-1.8,2.0,-0.2,10.514259338378906,0.0
111,2yu7,A,112,6.0,18.0,0.536036036036036,-,1.0,1,0,6.0,Y,-84.6,156.1,118,1.0,-0.1,-104.0,-0.2,-80.0,-0.1,-102.0,-0.1,5.0,0.0
112,2yu7,A,113,10.0,14.0,0.5230769230769231,-,0.0,0,0,0.0,S,-50.8,-58.7,118,-106.0,-0.8,-1.0,-0.1,-104.0,-0.4,-103.0,-0.1,5.0,0.0
113,2yu7,A,114,9.0,9.0,0.4880952380952381,-,0.0,0,0,0.0,G,87.2,145.8,118,1.0,-0.1,2.0,-1.1,2.0,-0.1,-1.0,-0.0,11.466445922851562,0.0
114,2yu7,A,115,3.0,6.0,0.875,-,0.0,0,0,0.0,P,-69.8,96.5,118,0.0,0.0,2.0,-1.0,0.0,0.0,-1.0,-0.1,13.46444845199585,0.0
115,2yu7,A,116,3.0,5.0,0.9230769230769231,-,0.0,0,0,0.0,S,-63.7,98.9,118,-2.0,-1.1,2.0,-0.3,0.0,0.0,-2.0,-0.1,5.4138219356536865,0.0
116,2yu7,A,117,2.0,3.0,0.8307692307692308,-,0.0,0,0,0.0,S,-126.5,154.0,118,-2.0,-1.0,0.0,0.0,0.0,0.0,0.0,0.0,5.0,0.0
117,2yu7,A,118,2.0,1.0,1.0,-,0.0,0,0,0.0,G,106.5,360.0,118,-2.0,-0.3,0.0,0.0,0.0,0.0,0.0,0.0,1.0,0.0
118,2yu7,B,1,0.0,4.0,1.0,-,0.0,0,0,0.0,A,360.0,133.4,15,0.0,0.0,3.0,-0.1,0.0,0.0,0.0,0.0,4.0,0.0
119,2yu7,B,2,0.0,5.0,1.0,-,0.0,0,0,0.0,T,38.6,34.4,15,1.0,-0.1,0.0,0.0,2.0,-0.0,0.0,0.0,10.753175735473633,0.0
120,2yu7,B,3,3.0,3.0,0.5876288659793815,-,0.0,0,0,0.0,E,-71.0,172.3,15,1.0,-0.1,2.0,-0.5,2.0,-0.0,-1.0,-0.1,2.0287818908691406,0.8333333333333334
121,2yu7,B,4,5.0,6.0,0.696969696969697,-,0.0,0,0,0.0,Q,-122.3,85.8,15,-3.0,-0.1,2.0,-0.8,2.0,-0.0,-107.0,-0.1,4.0,0.7142857142857143
122,2yu7,B,5,4.0,10.0,0.7474226804123711,-,0.0,0,0,0.0,E,-105.9,76.2,15,-2.0,-0.5,-2.0,-0.0,-109.0,-0.1,-1.0,-0.0,5.0,0.7142857142857143
123,2yu7,B,6,17.0,5.0,0.1242603550295858,-,1.0,1,0,0.0,I,-44.9,145.0,15,-2.0,-0.8,2.0,-0.3,1.0,-0.1,-110.0,-0.1,10.002738237380981,1.0
124,2yu7,B,7,3.0,14.0,0.7676056338028169,-,1.0,1,0,6.0,T,-96.4,147.4,15,-111.0,-0.1,-62.0,-0.6,1.0,-0.0,2.0,-0.3,5.125475525856018,1.0
125,2yu7,B,8,,,,-,0.42857142857142855,3,6,0.9230769230769231,-,,,15,,,,,,,,,6.0922980308532715,1.1428571428571428
126,2yu7,B,9,22.0,5.0,0.2169811320754717,-,0.5,1,1,0.3333333333333333,A,-80.3,139.1,15,-64.0,-1.9,2.0,-1.2,-2.0,-0.3,-62.0,-0.3,5.0,1.1428571428571428
127,2yu7,B,10,3.0,18.0,0.7731958762886598,-,0.0,0,1,0.0,E,-96.6,72.2,15,-2.0,-0.3,-29.0,-0.2,-64.0,-0.1,-1.0,-0.1,5.0,1.1428571428571428
128,2yu7,B,11,17.0,9.0,0.08536585365853659,-,0.0,0,2,0.0,L,-41.6,161.3,15,-2.0,-1.2,2.0,-0.4,-31.0,-0.2,-31.0,-0.2,12.963905334472656,1.1428571428571428
129,2yu7,B,12,7.0,12.0,0.5796178343949044,-,0.0,0,1,0.0,N,-119.9,136.1,15,-33.0,-1.5,2.0,-0.2,2.0,-0.0,-33.0,-0.2,11.386251449584961,1.3333333333333333
130,2yu7,B,13,10.0,7.0,0.25,-,0.0,0,1,0.0,L,-146.8,-175.2,15,-2.0,-0.4,-55.0,-0.0,-55.0,-0.1,0.0,0.0,8.339588046073914,1.6
131,2yu7,B,14,3.0,8.0,0.7929292929292929,-,0.0,0,0,0.0,Q,-38.4,-43.8,15,1.0,-0.3,-55.0,-0.0,-2.0,-0.2,-2.0,-0.0,5.0,1.5
132,2yu7,B,15,10.0,1.0,0.7317073170731707,-,0.0,0,0,0.0,K,-38.9,360.0,15,-57.0,-0.0,-1.0,-0.3,0.0,0.0,-57.0,-0.0,1.0,3.0
